{
    "rmse": 39081.001733832745,
    "r2 score": 96.22320536110105,
    "mse": 1527324696.519838,
    "train_score": 0.9970484684386682,
    "test_score": 0.9757210446432392
}